,run_id,experiment_id,status,artifact_uri,start_time,end_time,metrics.mae_std,metrics.rmse_mean,metrics.mae_mean,metrics.rmse_std,tags.mlflow.user,tags.mlflow.source.name,tags.modelo,tags.mlflow.source.type,tags.mlflow.runName,tags.mlflow.source.git.commit,tempo
47,c050d6b9252748438c52233157f9e21f,391475686954779658,FINISHED,file:///c:/Users/Daniel/OneDrive/Documentos/stock_level_prediction/notebooks/../mlruns/391475686954779658/c050d6b9252748438c52233157f9e21f/artifacts,2023-04-14 18:30:54.159000+00:00,2023-04-14 18:30:54.902000+00:00,-0.0031073197466396797,0.28764802758243513,0.24817533594783908,-0.002590556260913395,Daniel,c:\Users\Daniel\OneDrive\Documentos\stock_level_prediction\venv\lib\site-packages\ipykernel_launcher.py,Ridge_SC_OHE,LOCAL,able-foal-650,d7b0e076d9c82f1faa4e31728e68be5e8d6274d4,0 days 00:00:00.743000
37,6769fbfe3aa14c4f9e4019a07f75cd2c,391475686954779658,FINISHED,file:///c:/Users/Daniel/OneDrive/Documentos/stock_level_prediction/notebooks/../mlruns/391475686954779658/6769fbfe3aa14c4f9e4019a07f75cd2c/artifacts,2023-04-14 18:31:14.455000+00:00,2023-04-14 18:31:16.761000+00:00,-0.003107376736186699,0.28764793806717975,0.2481754074867958,-0.002590679158646898,Daniel,c:\Users\Daniel\OneDrive\Documentos\stock_level_prediction\venv\lib\site-packages\ipykernel_launcher.py,Ridge_SC_RS_OHE,LOCAL,youthful-shad-418,d7b0e076d9c82f1faa4e31728e68be5e8d6274d4,0 days 00:00:02.306000
17,07551283c24d401c8f23d5665796c486,391475686954779658,FINISHED,file:///c:/Users/Daniel/OneDrive/Documentos/stock_level_prediction/notebooks/../mlruns/391475686954779658/07551283c24d401c8f23d5665796c486/artifacts,2023-04-14 18:37:21.216000+00:00,2023-04-14 18:37:34.434000+00:00,-0.003107376736186699,0.28764793806717975,0.2481754074867958,-0.002590679158646898,Daniel,c:\Users\Daniel\OneDrive\Documentos\stock_level_prediction\venv\lib\site-packages\ipykernel_launcher.py,Ridge_SC_RS_OHE_IF,LOCAL,brawny-stork-790,d7b0e076d9c82f1faa4e31728e68be5e8d6274d4,0 days 00:00:13.218000
49,0b19907dc9f840ccbcbf00bbb30a5503,391475686954779658,FINISHED,file:///c:/Users/Daniel/OneDrive/Documentos/stock_level_prediction/notebooks/../mlruns/391475686954779658/0b19907dc9f840ccbcbf00bbb30a5503/artifacts,2023-04-14 18:30:52.068000+00:00,2023-04-14 18:30:53.294000+00:00,-0.003090156108597283,0.28767183995929646,0.24818078717109096,-0.0025619127527019237,Daniel,c:\Users\Daniel\OneDrive\Documentos\stock_level_prediction\venv\lib\site-packages\ipykernel_launcher.py,Reg_Linear_SC_OHE,LOCAL,bittersweet-rat-823,d7b0e076d9c82f1faa4e31728e68be5e8d6274d4,0 days 00:00:01.226000
39,df4566f0a4124ad38d094822e5dfc5f2,391475686954779658,FINISHED,file:///c:/Users/Daniel/OneDrive/Documentos/stock_level_prediction/notebooks/../mlruns/391475686954779658/df4566f0a4124ad38d094822e5dfc5f2/artifacts,2023-04-14 18:31:08.740000+00:00,2023-04-14 18:31:11.937000+00:00,-0.003090156108597283,0.28767183995929646,0.24818078717109096,-0.0025619127527019237,Daniel,c:\Users\Daniel\OneDrive\Documentos\stock_level_prediction\venv\lib\site-packages\ipykernel_launcher.py,Reg_Linear_SC_RS_OHE,LOCAL,treasured-carp-182,d7b0e076d9c82f1faa4e31728e68be5e8d6274d4,0 days 00:00:03.197000
19,f3546af01fa44bd1aaac7cc6167b40ab,391475686954779658,FINISHED,file:///c:/Users/Daniel/OneDrive/Documentos/stock_level_prediction/notebooks/../mlruns/391475686954779658/f3546af01fa44bd1aaac7cc6167b40ab/artifacts,2023-04-14 18:36:44.776000+00:00,2023-04-14 18:37:08.074000+00:00,-0.003090156108597283,0.28767183995929646,0.24818078717109096,-0.0025619127527019237,Daniel,c:\Users\Daniel\OneDrive\Documentos\stock_level_prediction\venv\lib\site-packages\ipykernel_launcher.py,Reg_Linear_SC_RS_OHE_IF,LOCAL,vaunted-rat-313,d7b0e076d9c82f1faa4e31728e68be5e8d6274d4,0 days 00:00:23.298000
42,741e5577ad564eedb4e27d0d9c6ff8c1,391475686954779658,FINISHED,file:///c:/Users/Daniel/OneDrive/Documentos/stock_level_prediction/notebooks/../mlruns/391475686954779658/741e5577ad564eedb4e27d0d9c6ff8c1/artifacts,2023-04-14 18:31:00.299000+00:00,2023-04-14 18:31:02.759000+00:00,-0.003139934611521302,0.2875945293690406,0.24820982858283064,-0.002624138180751743,Daniel,c:\Users\Daniel\OneDrive\Documentos\stock_level_prediction\venv\lib\site-packages\ipykernel_launcher.py,Ridge_SC_OHE_OE,LOCAL,stately-wasp-197,d7b0e076d9c82f1faa4e31728e68be5e8d6274d4,0 days 00:00:02.460000
22,69a5e75d899d4d38bafa61ef3307e1fc,391475686954779658,FINISHED,file:///c:/Users/Daniel/OneDrive/Documentos/stock_level_prediction/notebooks/../mlruns/391475686954779658/69a5e75d899d4d38bafa61ef3307e1fc/artifacts,2023-04-14 18:35:48.404000+00:00,2023-04-14 18:36:19.436000+00:00,-0.003139934611521302,0.2875945293690406,0.24820982858283064,-0.002624138180751743,Daniel,c:\Users\Daniel\OneDrive\Documentos\stock_level_prediction\venv\lib\site-packages\ipykernel_launcher.py,Ridge_SC_OHE_OE_IF,LOCAL,victorious-swan-981,d7b0e076d9c82f1faa4e31728e68be5e8d6274d4,0 days 00:00:31.032000
32,34da29ccd41e450bb55bf47f0ce91ca9,391475686954779658,FINISHED,file:///c:/Users/Daniel/OneDrive/Documentos/stock_level_prediction/notebooks/../mlruns/391475686954779658/34da29ccd41e450bb55bf47f0ce91ca9/artifacts,2023-04-14 18:31:28.978000+00:00,2023-04-14 18:31:32.154000+00:00,-0.0031400561942660997,0.28759444185990835,0.2482098560480114,-0.0026242614415628446,Daniel,c:\Users\Daniel\OneDrive\Documentos\stock_level_prediction\venv\lib\site-packages\ipykernel_launcher.py,Ridge_SC_RS_OHE_OE,LOCAL,loud-whale-663,d7b0e076d9c82f1faa4e31728e68be5e8d6274d4,0 days 00:00:03.176000
12,03bf7a7948bf4c6697a8065a21d6309a,391475686954779658,FINISHED,file:///c:/Users/Daniel/OneDrive/Documentos/stock_level_prediction/notebooks/../mlruns/391475686954779658/03bf7a7948bf4c6697a8065a21d6309a/artifacts,2023-04-14 18:38:30.847000+00:00,2023-04-14 18:38:42.924000+00:00,-0.0031400561942660997,0.28759444185990835,0.2482098560480114,-0.0026242614415628446,Daniel,c:\Users\Daniel\OneDrive\Documentos\stock_level_prediction\venv\lib\site-packages\ipykernel_launcher.py,Ridge_SC_RS_OHE_OE_IF,LOCAL,gentle-ray-844,d7b0e076d9c82f1faa4e31728e68be5e8d6274d4,0 days 00:00:12.077000
27,d120d4660d024f519a8db8fe1c071047,391475686954779658,FINISHED,file:///c:/Users/Daniel/OneDrive/Documentos/stock_level_prediction/notebooks/../mlruns/391475686954779658/d120d4660d024f519a8db8fe1c071047/artifacts,2023-04-14 18:32:51.414000+00:00,2023-04-14 18:33:26.433000+00:00,-0.0030988475499321836,0.28765984105862835,0.24821654329451065,-0.0026185064095366173,Daniel,c:\Users\Daniel\OneDrive\Documentos\stock_level_prediction\venv\lib\site-packages\ipykernel_launcher.py,Ridge_SC_OHE_IF,LOCAL,abundant-moth-690,d7b0e076d9c82f1faa4e31728e68be5e8d6274d4,0 days 00:00:35.019000
34,b436912623df48a2ba028b57e3e14cc1,391475686954779658,FINISHED,file:///c:/Users/Daniel/OneDrive/Documentos/stock_level_prediction/notebooks/../mlruns/391475686954779658/b436912623df48a2ba028b57e3e14cc1/artifacts,2023-04-14 18:31:22.420000+00:00,2023-04-14 18:31:25.799000+00:00,-0.0031235191913890235,0.2876168830043362,0.24821697371883916,-0.0025970573158403793,Daniel,c:\Users\Daniel\OneDrive\Documentos\stock_level_prediction\venv\lib\site-packages\ipykernel_launcher.py,Reg_Linear_SC_RS_OHE_OE,LOCAL,placid-crab-966,d7b0e076d9c82f1faa4e31728e68be5e8d6274d4,0 days 00:00:03.379000
14,8699d76aae914c5193ee3080a45e5ee1,391475686954779658,FINISHED,file:///c:/Users/Daniel/OneDrive/Documentos/stock_level_prediction/notebooks/../mlruns/391475686954779658/8699d76aae914c5193ee3080a45e5ee1/artifacts,2023-04-14 18:38:05.301000+00:00,2023-04-14 18:38:18.724000+00:00,-0.0031235191913890235,0.2876168830043362,0.24821697371883916,-0.0025970573158403793,Daniel,c:\Users\Daniel\OneDrive\Documentos\stock_level_prediction\venv\lib\site-packages\ipykernel_launcher.py,Reg_Linear_SC_RS_OHE_OE_IF,LOCAL,judicious-crab-65,d7b0e076d9c82f1faa4e31728e68be5e8d6274d4,0 days 00:00:13.423000
44,191a2abddb5f4958a982d1fc4f9c1904,391475686954779658,FINISHED,file:///c:/Users/Daniel/OneDrive/Documentos/stock_level_prediction/notebooks/../mlruns/391475686954779658/191a2abddb5f4958a982d1fc4f9c1904/artifacts,2023-04-14 18:30:56.692000+00:00,2023-04-14 18:30:57.928000+00:00,-0.003123354560598498,0.2876170753929019,0.24821706602279758,-0.002596765086718648,Daniel,c:\Users\Daniel\OneDrive\Documentos\stock_level_prediction\venv\lib\site-packages\ipykernel_launcher.py,Reg_Linear_SC_OHE_OE,LOCAL,clumsy-loon-357,d7b0e076d9c82f1faa4e31728e68be5e8d6274d4,0 days 00:00:01.236000
24,df76621471124393b924e4f51e9bd3fb,391475686954779658,FINISHED,file:///c:/Users/Daniel/OneDrive/Documentos/stock_level_prediction/notebooks/../mlruns/391475686954779658/df76621471124393b924e4f51e9bd3fb/artifacts,2023-04-14 18:34:36.024000+00:00,2023-04-14 18:35:12.505000+00:00,-0.003123354560598498,0.2876170753929019,0.24821706602279758,-0.002596765086718648,Daniel,c:\Users\Daniel\OneDrive\Documentos\stock_level_prediction\venv\lib\site-packages\ipykernel_launcher.py,Reg_Linear_SC_OHE_OE_IF,LOCAL,omniscient-vole-447,d7b0e076d9c82f1faa4e31728e68be5e8d6274d4,0 days 00:00:36.481000
29,95c668c0217348e3adf4e5f9b3eb189e,391475686954779658,FINISHED,file:///c:/Users/Daniel/OneDrive/Documentos/stock_level_prediction/notebooks/../mlruns/391475686954779658/95c668c0217348e3adf4e5f9b3eb189e/artifacts,2023-04-14 18:31:38.903000+00:00,2023-04-14 18:32:16.262000+00:00,-0.0028920877948119287,0.2878915757512241,0.24844560375822108,-0.0024306657162339687,Daniel,c:\Users\Daniel\OneDrive\Documentos\stock_level_prediction\venv\lib\site-packages\ipykernel_launcher.py,Reg_Linear_SC_OHE_IF,LOCAL,bouncy-mouse-916,d7b0e076d9c82f1faa4e31728e68be5e8d6274d4,0 days 00:00:37.359000
46,e268159802d14158a8fdd47dd94fc5f3,391475686954779658,FINISHED,file:///c:/Users/Daniel/OneDrive/Documentos/stock_level_prediction/notebooks/../mlruns/391475686954779658/e268159802d14158a8fdd47dd94fc5f3/artifacts,2023-04-14 18:30:54.911000+00:00,2023-04-14 18:30:55.700000+00:00,-0.003195492266570463,0.2871582168264234,0.2484993182852222,-0.0030787413845101783,Daniel,c:\Users\Daniel\OneDrive\Documentos\stock_level_prediction\venv\lib\site-packages\ipykernel_launcher.py,Elastic_Net_SC_OHE,LOCAL,burly-dolphin-329,d7b0e076d9c82f1faa4e31728e68be5e8d6274d4,0 days 00:00:00.789000
48,795f3e03061e4345bbe82d7646998348,391475686954779658,FINISHED,file:///c:/Users/Daniel/OneDrive/Documentos/stock_level_prediction/notebooks/../mlruns/391475686954779658/795f3e03061e4345bbe82d7646998348/artifacts,2023-04-14 18:30:53.311000+00:00,2023-04-14 18:30:54.144000+00:00,-0.003195492266570463,0.2871582168264234,0.2484993182852222,-0.0030787413845101783,Daniel,c:\Users\Daniel\OneDrive\Documentos\stock_level_prediction\venv\lib\site-packages\ipykernel_launcher.py,Lasso_SC_OHE,LOCAL,languid-vole-52,d7b0e076d9c82f1faa4e31728e68be5e8d6274d4,0 days 00:00:00.833000
43,9b12e6d605c04d9194cbb3972993557f,391475686954779658,FINISHED,file:///c:/Users/Daniel/OneDrive/Documentos/stock_level_prediction/notebooks/../mlruns/391475686954779658/9b12e6d605c04d9194cbb3972993557f/artifacts,2023-04-14 18:30:57.949000+00:00,2023-04-14 18:31:00.262000+00:00,-0.003195492266570463,0.2871582168264234,0.2484993182852222,-0.0030787413845101783,Daniel,c:\Users\Daniel\OneDrive\Documentos\stock_level_prediction\venv\lib\site-packages\ipykernel_launcher.py,Lasso_SC_OHE_OE,LOCAL,flawless-bug-668,d7b0e076d9c82f1faa4e31728e68be5e8d6274d4,0 days 00:00:02.313000
36,c000218394564f6987963c224ddc4acf,391475686954779658,FINISHED,file:///c:/Users/Daniel/OneDrive/Documentos/stock_level_prediction/notebooks/../mlruns/391475686954779658/c000218394564f6987963c224ddc4acf/artifacts,2023-04-14 18:31:16.798000+00:00,2023-04-14 18:31:19.182000+00:00,-0.003195492266570463,0.2871582168264234,0.2484993182852222,-0.0030787413845101783,Daniel,c:\Users\Daniel\OneDrive\Documentos\stock_level_prediction\venv\lib\site-packages\ipykernel_launcher.py,Elastic_Net_SC_RS_OHE,LOCAL,sneaky-koi-668,d7b0e076d9c82f1faa4e31728e68be5e8d6274d4,0 days 00:00:02.384000
38,d6d979addd7a41ccb2ce053f40a14849,391475686954779658,FINISHED,file:///c:/Users/Daniel/OneDrive/Documentos/stock_level_prediction/notebooks/../mlruns/391475686954779658/d6d979addd7a41ccb2ce053f40a14849/artifacts,2023-04-14 18:31:11.969000+00:00,2023-04-14 18:31:14.425000+00:00,-0.003195492266570463,0.2871582168264234,0.2484993182852222,-0.0030787413845101783,Daniel,c:\Users\Daniel\OneDrive\Documentos\stock_level_prediction\venv\lib\site-packages\ipykernel_launcher.py,Lasso_SC_RS_OHE,LOCAL,resilient-shrimp-391,d7b0e076d9c82f1faa4e31728e68be5e8d6274d4,0 days 00:00:02.456000
41,c95945916c1246c5ae95fc63e2e319c4,391475686954779658,FINISHED,file:///c:/Users/Daniel/OneDrive/Documentos/stock_level_prediction/notebooks/../mlruns/391475686954779658/c95945916c1246c5ae95fc63e2e319c4/artifacts,2023-04-14 18:31:02.789000+00:00,2023-04-14 18:31:05.334000+00:00,-0.003195492266570463,0.2871582168264234,0.2484993182852222,-0.0030787413845101783,Daniel,c:\Users\Daniel\OneDrive\Documentos\stock_level_prediction\venv\lib\site-packages\ipykernel_launcher.py,Elastic_Net_SC_OHE_OE,LOCAL,painted-gull-11,d7b0e076d9c82f1faa4e31728e68be5e8d6274d4,0 days 00:00:02.545000
31,ba6db91d8d65419ba627891c7468bf71,391475686954779658,FINISHED,file:///c:/Users/Daniel/OneDrive/Documentos/stock_level_prediction/notebooks/../mlruns/391475686954779658/ba6db91d8d65419ba627891c7468bf71/artifacts,2023-04-14 18:31:32.189000+00:00,2023-04-14 18:31:35.203000+00:00,-0.003195492266570463,0.2871582168264234,0.2484993182852222,-0.0030787413845101783,Daniel,c:\Users\Daniel\OneDrive\Documentos\stock_level_prediction\venv\lib\site-packages\ipykernel_launcher.py,Elastic_Net_SC_RS_OHE_OE,LOCAL,bright-moose-768,d7b0e076d9c82f1faa4e31728e68be5e8d6274d4,0 days 00:00:03.014000
33,f0a8568f2a6b46ffb622b03bd209371c,391475686954779658,FINISHED,file:///c:/Users/Daniel/OneDrive/Documentos/stock_level_prediction/notebooks/../mlruns/391475686954779658/f0a8568f2a6b46ffb622b03bd209371c/artifacts,2023-04-14 18:31:25.830000+00:00,2023-04-14 18:31:28.949000+00:00,-0.003195492266570463,0.2871582168264234,0.2484993182852222,-0.0030787413845101783,Daniel,c:\Users\Daniel\OneDrive\Documentos\stock_level_prediction\venv\lib\site-packages\ipykernel_launcher.py,Lasso_SC_RS_OHE_OE,LOCAL,honorable-colt-459,d7b0e076d9c82f1faa4e31728e68be5e8d6274d4,0 days 00:00:03.119000
11,98c042cb146b463dadf33d526822acd0,391475686954779658,FINISHED,file:///c:/Users/Daniel/OneDrive/Documentos/stock_level_prediction/notebooks/../mlruns/391475686954779658/98c042cb146b463dadf33d526822acd0/artifacts,2023-04-14 18:38:42.945000+00:00,2023-04-14 18:38:54.914000+00:00,-0.003195492266570463,0.2871582168264234,0.2484993182852222,-0.0030787413845101783,Daniel,c:\Users\Daniel\OneDrive\Documentos\stock_level_prediction\venv\lib\site-packages\ipykernel_launcher.py,Elastic_Net_SC_RS_OHE_OE_IF,LOCAL,ambitious-auk-272,d7b0e076d9c82f1faa4e31728e68be5e8d6274d4,0 days 00:00:11.969000
21,e5758518d4e2446a921c1ae422b2cc55,391475686954779658,FINISHED,file:///c:/Users/Daniel/OneDrive/Documentos/stock_level_prediction/notebooks/../mlruns/391475686954779658/e5758518d4e2446a921c1ae422b2cc55/artifacts,2023-04-14 18:36:19.445000+00:00,2023-04-14 18:36:31.431000+00:00,-0.003195492266570463,0.2871582168264234,0.2484993182852222,-0.0030787413845101783,Daniel,c:\Users\Daniel\OneDrive\Documentos\stock_level_prediction\venv\lib\site-packages\ipykernel_launcher.py,Elastic_Net_SC_OHE_OE_IF,LOCAL,funny-croc-332,d7b0e076d9c82f1faa4e31728e68be5e8d6274d4,0 days 00:00:11.986000
13,b1f82f7f98f6478e969a1fcb654c69a2,391475686954779658,FINISHED,file:///c:/Users/Daniel/OneDrive/Documentos/stock_level_prediction/notebooks/../mlruns/391475686954779658/b1f82f7f98f6478e969a1fcb654c69a2/artifacts,2023-04-14 18:38:18.734000+00:00,2023-04-14 18:38:30.836000+00:00,-0.003195492266570463,0.2871582168264234,0.2484993182852222,-0.0030787413845101783,Daniel,c:\Users\Daniel\OneDrive\Documentos\stock_level_prediction\venv\lib\site-packages\ipykernel_launcher.py,Lasso_SC_RS_OHE_OE_IF,LOCAL,blushing-dog-849,d7b0e076d9c82f1faa4e31728e68be5e8d6274d4,0 days 00:00:12.102000
18,47eae202bd7240dc8b5e2a3f7c8aeed4,391475686954779658,FINISHED,file:///c:/Users/Daniel/OneDrive/Documentos/stock_level_prediction/notebooks/../mlruns/391475686954779658/47eae202bd7240dc8b5e2a3f7c8aeed4/artifacts,2023-04-14 18:37:08.092000+00:00,2023-04-14 18:37:21.208000+00:00,-0.003195492266570463,0.2871582168264234,0.2484993182852222,-0.0030787413845101783,Daniel,c:\Users\Daniel\OneDrive\Documentos\stock_level_prediction\venv\lib\site-packages\ipykernel_launcher.py,Lasso_SC_RS_OHE_IF,LOCAL,dazzling-zebra-912,d7b0e076d9c82f1faa4e31728e68be5e8d6274d4,0 days 00:00:13.116000
16,7b94de74b6d4404a9e71b2a6a5dea998,391475686954779658,FINISHED,file:///c:/Users/Daniel/OneDrive/Documentos/stock_level_prediction/notebooks/../mlruns/391475686954779658/7b94de74b6d4404a9e71b2a6a5dea998/artifacts,2023-04-14 18:37:34.444000+00:00,2023-04-14 18:37:51.616000+00:00,-0.003195492266570463,0.2871582168264234,0.2484993182852222,-0.0030787413845101783,Daniel,c:\Users\Daniel\OneDrive\Documentos\stock_level_prediction\venv\lib\site-packages\ipykernel_launcher.py,Elastic_Net_SC_RS_OHE_IF,LOCAL,omniscient-bat-317,d7b0e076d9c82f1faa4e31728e68be5e8d6274d4,0 days 00:00:17.172000
26,687f3ba7b4924c42b8be7bdbc665eb02,391475686954779658,FINISHED,file:///c:/Users/Daniel/OneDrive/Documentos/stock_level_prediction/notebooks/../mlruns/391475686954779658/687f3ba7b4924c42b8be7bdbc665eb02/artifacts,2023-04-14 18:33:26.467000+00:00,2023-04-14 18:33:59.273000+00:00,-0.003195492266570463,0.2871582168264234,0.2484993182852222,-0.0030787413845101783,Daniel,c:\Users\Daniel\OneDrive\Documentos\stock_level_prediction\venv\lib\site-packages\ipykernel_launcher.py,Elastic_Net_SC_OHE_IF,LOCAL,peaceful-squid-109,d7b0e076d9c82f1faa4e31728e68be5e8d6274d4,0 days 00:00:32.806000
28,990f724424b3415394ae521c2c8b70e6,391475686954779658,FINISHED,file:///c:/Users/Daniel/OneDrive/Documentos/stock_level_prediction/notebooks/../mlruns/391475686954779658/990f724424b3415394ae521c2c8b70e6/artifacts,2023-04-14 18:32:16.302000+00:00,2023-04-14 18:32:51.381000+00:00,-0.003195492266570463,0.2871582168264234,0.2484993182852222,-0.0030787413845101783,Daniel,c:\Users\Daniel\OneDrive\Documentos\stock_level_prediction\venv\lib\site-packages\ipykernel_launcher.py,Lasso_SC_OHE_IF,LOCAL,bittersweet-calf-377,d7b0e076d9c82f1faa4e31728e68be5e8d6274d4,0 days 00:00:35.079000
23,80393d2cbd304d1199f2daf72587b94b,391475686954779658,FINISHED,file:///c:/Users/Daniel/OneDrive/Documentos/stock_level_prediction/notebooks/../mlruns/391475686954779658/80393d2cbd304d1199f2daf72587b94b/artifacts,2023-04-14 18:35:12.537000+00:00,2023-04-14 18:35:48.345000+00:00,-0.003195492266570463,0.2871582168264234,0.2484993182852222,-0.0030787413845101783,Daniel,c:\Users\Daniel\OneDrive\Documentos\stock_level_prediction\venv\lib\site-packages\ipykernel_launcher.py,Lasso_SC_OHE_OE_IF,LOCAL,kindly-koi-758,d7b0e076d9c82f1faa4e31728e68be5e8d6274d4,0 days 00:00:35.808000
1,34e3a4d19bf54866815c8f2232e43203,391475686954779658,FINISHED,file:///c:/Users/Daniel/OneDrive/Documentos/stock_level_prediction/notebooks/../mlruns/391475686954779658/34e3a4d19bf54866815c8f2232e43203/artifacts,2023-04-14 18:50:42.340000+00:00,2023-04-14 18:51:31.321000+00:00,-0.0035603654422124856,0.288254625393176,0.24863655302056484,-0.0035405989940569755,Daniel,c:\Users\Daniel\OneDrive\Documentos\stock_level_prediction\venv\lib\site-packages\ipykernel_launcher.py,GB_reg_CtbEnc,LOCAL,crawling-mare-480,d7b0e076d9c82f1faa4e31728e68be5e8d6274d4,0 days 00:00:48.981000
6,5e35034b74c848d294077e84015942e8,391475686954779658,FINISHED,file:///c:/Users/Daniel/OneDrive/Documentos/stock_level_prediction/notebooks/../mlruns/391475686954779658/5e35034b74c848d294077e84015942e8/artifacts,2023-04-14 18:43:48.465000+00:00,2023-04-14 18:45:18.230000+00:00,-0.0035603654422124856,0.288254625393176,0.24863655302056484,-0.0035405989940569755,Daniel,c:\Users\Daniel\OneDrive\Documentos\stock_level_prediction\venv\lib\site-packages\ipykernel_launcher.py,GB_reg_CtbEnc,LOCAL,illustrious-flea-393,d7b0e076d9c82f1faa4e31728e68be5e8d6274d4,0 days 00:01:29.765000
35,654b682d469a411b95c9806a2f17ae0f,391475686954779658,FINISHED,file:///c:/Users/Daniel/OneDrive/Documentos/stock_level_prediction/notebooks/../mlruns/391475686954779658/654b682d469a411b95c9806a2f17ae0f/artifacts,2023-04-14 18:31:19.215000+00:00,2023-04-14 18:31:21.920000+00:00,-0.0037906532787777706,0.28839874949614985,0.24876093528392743,-0.003290449496993264,Daniel,c:\Users\Daniel\OneDrive\Documentos\stock_level_prediction\venv\lib\site-packages\ipykernel_launcher.py,Reg_Estocástico_SC_RS_OHE,LOCAL,languid-mare-152,d7b0e076d9c82f1faa4e31728e68be5e8d6274d4,0 days 00:00:02.705000
15,56f5c702355545bf9b9102606af71487,391475686954779658,FINISHED,file:///c:/Users/Daniel/OneDrive/Documentos/stock_level_prediction/notebooks/../mlruns/391475686954779658/56f5c702355545bf9b9102606af71487/artifacts,2023-04-14 18:37:51.627000+00:00,2023-04-14 18:38:05.056000+00:00,-0.0037906532787777706,0.28839874949614985,0.24876093528392743,-0.003290449496993264,Daniel,c:\Users\Daniel\OneDrive\Documentos\stock_level_prediction\venv\lib\site-packages\ipykernel_launcher.py,Reg_Estocástico_SC_RS_OHE_IF,LOCAL,exultant-loon-786,d7b0e076d9c82f1faa4e31728e68be5e8d6274d4,0 days 00:00:13.429000
25,fcdd70b3587a404bbcaa358c0835d1e4,391475686954779658,FINISHED,file:///c:/Users/Daniel/OneDrive/Documentos/stock_level_prediction/notebooks/../mlruns/391475686954779658/fcdd70b3587a404bbcaa358c0835d1e4/artifacts,2023-04-14 18:33:59.305000+00:00,2023-04-14 18:34:35.695000+00:00,-0.003875475539768319,0.28847675326347727,0.24881745659148863,-0.0034055939002587193,Daniel,c:\Users\Daniel\OneDrive\Documentos\stock_level_prediction\venv\lib\site-packages\ipykernel_launcher.py,Reg_Estocástico_SC_OHE_IF,LOCAL,entertaining-cod-245,d7b0e076d9c82f1faa4e31728e68be5e8d6274d4,0 days 00:00:36.390000
45,8cfa4b7b1cfc46d88024b4c38bb90519,391475686954779658,FINISHED,file:///c:/Users/Daniel/OneDrive/Documentos/stock_level_prediction/notebooks/../mlruns/391475686954779658/8cfa4b7b1cfc46d88024b4c38bb90519/artifacts,2023-04-14 18:30:55.710000+00:00,2023-04-14 18:30:56.562000+00:00,-0.003881932608849828,0.28849537443140794,0.24883047715927162,-0.0033977619017568485,Daniel,c:\Users\Daniel\OneDrive\Documentos\stock_level_prediction\venv\lib\site-packages\ipykernel_launcher.py,Reg_Estocástico_SC_OHE,LOCAL,bemused-goat-235,d7b0e076d9c82f1faa4e31728e68be5e8d6274d4,0 days 00:00:00.852000
30,0abbf2c9029d43f8819f6c27c4e85a98,391475686954779658,FINISHED,file:///c:/Users/Daniel/OneDrive/Documentos/stock_level_prediction/notebooks/../mlruns/391475686954779658/0abbf2c9029d43f8819f6c27c4e85a98/artifacts,2023-04-14 18:31:35.228000+00:00,2023-04-14 18:31:38.512000+00:00,-0.004649701333907618,0.290558997010799,0.25003900169580556,-0.004249118298581007,Daniel,c:\Users\Daniel\OneDrive\Documentos\stock_level_prediction\venv\lib\site-packages\ipykernel_launcher.py,Reg_Estocástico_SC_RS_OHE_OE,LOCAL,honorable-ox-935,d7b0e076d9c82f1faa4e31728e68be5e8d6274d4,0 days 00:00:03.284000
10,a3ed3615e6944408a94525c0c87896ef,391475686954779658,FINISHED,file:///c:/Users/Daniel/OneDrive/Documentos/stock_level_prediction/notebooks/../mlruns/391475686954779658/a3ed3615e6944408a94525c0c87896ef/artifacts,2023-04-14 18:38:54.924000+00:00,2023-04-14 18:39:07.844000+00:00,-0.004649701333907618,0.290558997010799,0.25003900169580556,-0.004249118298581007,Daniel,c:\Users\Daniel\OneDrive\Documentos\stock_level_prediction\venv\lib\site-packages\ipykernel_launcher.py,Reg_Estocástico_SC_RS_OHE_OE_IF,LOCAL,charming-gnu-170,d7b0e076d9c82f1faa4e31728e68be5e8d6274d4,0 days 00:00:12.920000
40,cbbc40ea968e405ea9d5b958add4fd2c,391475686954779658,FINISHED,file:///c:/Users/Daniel/OneDrive/Documentos/stock_level_prediction/notebooks/../mlruns/391475686954779658/cbbc40ea968e405ea9d5b958add4fd2c/artifacts,2023-04-14 18:31:05.364000+00:00,2023-04-14 18:31:08.194000+00:00,-0.004752785711095012,0.2906976786653391,0.2501216667650535,-0.004315795425793535,Daniel,c:\Users\Daniel\OneDrive\Documentos\stock_level_prediction\venv\lib\site-packages\ipykernel_launcher.py,Reg_Estocástico_SC_OHE_OE,LOCAL,delicate-fowl-61,d7b0e076d9c82f1faa4e31728e68be5e8d6274d4,0 days 00:00:02.830000
20,2f30c06db06c42a8ad96f5d1afc233b3,391475686954779658,FINISHED,file:///c:/Users/Daniel/OneDrive/Documentos/stock_level_prediction/notebooks/../mlruns/391475686954779658/2f30c06db06c42a8ad96f5d1afc233b3/artifacts,2023-04-14 18:36:31.434000+00:00,2023-04-14 18:36:44.549000+00:00,-0.004752785711095012,0.2906976786653391,0.2501216667650535,-0.004315795425793535,Daniel,c:\Users\Daniel\OneDrive\Documentos\stock_level_prediction\venv\lib\site-packages\ipykernel_launcher.py,Reg_Estocástico_SC_OHE_OE_IF,LOCAL,beautiful-snipe-387,d7b0e076d9c82f1faa4e31728e68be5e8d6274d4,0 days 00:00:13.115000
2,5b7f2b3cce504073b841733133572138,391475686954779658,FINISHED,file:///c:/Users/Daniel/OneDrive/Documentos/stock_level_prediction/notebooks/../mlruns/391475686954779658/5b7f2b3cce504073b841733133572138/artifacts,2023-04-14 18:47:04.851000+00:00,2023-04-14 18:50:42.292000+00:00,-0.004585305615944149,0.2936152939304962,0.25204053276444716,-0.004655470946402328,Daniel,c:\Users\Daniel\OneDrive\Documentos\stock_level_prediction\venv\lib\site-packages\ipykernel_launcher.py,RDF_reg_CtbEnc,LOCAL,treasured-moose-549,d7b0e076d9c82f1faa4e31728e68be5e8d6274d4,0 days 00:03:37.441000
7,29357a9ec181420097acbe6e6623e7ed,391475686954779658,FINISHED,file:///c:/Users/Daniel/OneDrive/Documentos/stock_level_prediction/notebooks/../mlruns/391475686954779658/29357a9ec181420097acbe6e6623e7ed/artifacts,2023-04-14 18:39:14.625000+00:00,2023-04-14 18:43:48.431000+00:00,-0.004585305615944149,0.2936152939304962,0.25204053276444716,-0.004655470946402328,Daniel,c:\Users\Daniel\OneDrive\Documentos\stock_level_prediction\venv\lib\site-packages\ipykernel_launcher.py,RDF_reg_CtbEnc,LOCAL,bedecked-horse-32,d7b0e076d9c82f1faa4e31728e68be5e8d6274d4,0 days 00:04:33.806000
5,edf4775939104b568e87de5d64a7cb45,391475686954779658,FINISHED,file:///c:/Users/Daniel/OneDrive/Documentos/stock_level_prediction/notebooks/../mlruns/391475686954779658/edf4775939104b568e87de5d64a7cb45/artifacts,2023-04-14 18:45:18.264000+00:00,2023-04-14 18:45:41.106000+00:00,-0.007615243380010904,0.30358481992036224,0.25758679898525233,-0.007833508810208252,Daniel,c:\Users\Daniel\OneDrive\Documentos\stock_level_prediction\venv\lib\site-packages\ipykernel_launcher.py,XGb_reg__CtbEnc,LOCAL,upbeat-cat-2,d7b0e076d9c82f1faa4e31728e68be5e8d6274d4,0 days 00:00:22.842000
0,6a07c491a66c4ace8cf96b42b64cba52,391475686954779658,FINISHED,file:///c:/Users/Daniel/OneDrive/Documentos/stock_level_prediction/notebooks/../mlruns/391475686954779658/6a07c491a66c4ace8cf96b42b64cba52/artifacts,2023-04-14 18:51:31.337000+00:00,2023-04-14 18:52:03.034000+00:00,-0.007615243380010904,0.30358481992036224,0.25758679898525233,-0.007833508810208252,Daniel,c:\Users\Daniel\OneDrive\Documentos\stock_level_prediction\venv\lib\site-packages\ipykernel_launcher.py,XGb_reg__CtbEnc,LOCAL,persistent-hawk-223,d7b0e076d9c82f1faa4e31728e68be5e8d6274d4,0 days 00:00:31.697000
9,1620f3c2f8f0402c8d8bbebcac188a7a,391475686954779658,FINISHED,file:///c:/Users/Daniel/OneDrive/Documentos/stock_level_prediction/notebooks/../mlruns/391475686954779658/1620f3c2f8f0402c8d8bbebcac188a7a/artifacts,2023-04-14 18:39:08.024000+00:00,2023-04-14 18:39:12.129000+00:00,-0.013521352937333505,0.40780549661482307,0.33262841473314586,-0.016705615417188693,Daniel,c:\Users\Daniel\OneDrive\Documentos\stock_level_prediction\venv\lib\site-packages\ipykernel_launcher.py,DTree_reg_CtbEnc,LOCAL,marvelous-squid-595,d7b0e076d9c82f1faa4e31728e68be5e8d6274d4,0 days 00:00:04.105000
4,b654b49b218f4ad682e97a4a943dcb94,391475686954779658,FINISHED,file:///c:/Users/Daniel/OneDrive/Documentos/stock_level_prediction/notebooks/../mlruns/391475686954779658/b654b49b218f4ad682e97a4a943dcb94/artifacts,2023-04-14 18:45:41.589000+00:00,2023-04-14 18:46:24.924000+00:00,-0.013521352937333505,0.40780549661482307,0.33262841473314586,-0.016705615417188693,Daniel,c:\Users\Daniel\OneDrive\Documentos\stock_level_prediction\venv\lib\site-packages\ipykernel_launcher.py,DTree_reg_CtbEnc,LOCAL,crawling-bat-289,d7b0e076d9c82f1faa4e31728e68be5e8d6274d4,0 days 00:00:43.335000
8,b1d648bd38a94bb089526cd608f450d7,391475686954779658,FINISHED,file:///c:/Users/Daniel/OneDrive/Documentos/stock_level_prediction/notebooks/../mlruns/391475686954779658/b1d648bd38a94bb089526cd608f450d7/artifacts,2023-04-14 18:39:12.140000+00:00,2023-04-14 18:39:14.618000+00:00,-0.010634137156879447,0.41302369949013107,0.3362282309778676,-0.01104676689272993,Daniel,c:\Users\Daniel\OneDrive\Documentos\stock_level_prediction\venv\lib\site-packages\ipykernel_launcher.py,XTree_reg_CtbEnc,LOCAL,glamorous-wolf-723,d7b0e076d9c82f1faa4e31728e68be5e8d6274d4,0 days 00:00:02.478000
3,ebabdea83df34823889ca68689d425de,391475686954779658,FINISHED,file:///c:/Users/Daniel/OneDrive/Documentos/stock_level_prediction/notebooks/../mlruns/391475686954779658/ebabdea83df34823889ca68689d425de/artifacts,2023-04-14 18:46:24.956000+00:00,2023-04-14 18:47:04.817000+00:00,-0.010634137156879447,0.41302369949013107,0.3362282309778676,-0.01104676689272993,Daniel,c:\Users\Daniel\OneDrive\Documentos\stock_level_prediction\venv\lib\site-packages\ipykernel_launcher.py,XTree_reg_CtbEnc,LOCAL,amusing-worm-609,d7b0e076d9c82f1faa4e31728e68be5e8d6274d4,0 days 00:00:39.861000
